{"stats":{"minecraft:used":{"minecraft:water_bucket":24,"minecraft:stone_sword":10,"minecraft:stone_pickaxe":119,"minecraft:baked_potato":2,"minecraft:wooden_pickaxe":4,"pixelmon:lightworkplace":1,"minecraft:dirt":2,"minecraft:crafting_table":2,"minecraft:red_bed":8,"minecraft:carrot":1,"minecraft:oak_log":1,"minecraft:apple":7,"minecraft:iron_axe":1,"minecraft:bread":2,"minecraft:stone_axe":10,"minecraft:blue_carpet":1,"minecraft:cobblestone":1,"minecraft:hay_block":9,"minecraft:furnace":1,"minecraft:bucket":25,"minecraft:andesite":4,"pixelmon:blue_umbrella":11},"minecraft:picked_up":{"minecraft:crafting_table":2,"pixelmon:blue_umbrella":15,"minecraft:andesite":4,"pixelmon:hyper_potion":1,"minecraft:wooden_pickaxe":2,"pixelmon:blue_folding_chair":4,"pixelmon:aluminium_ingot":4,"minecraft:oak_log":9,"byg:dacite_cobblestone":15,"minecraft:dirt":10,"minecraft:red_bed":9,"byg:winter_succulent":1,"byg:scoria_cobblestone":10,"byg:pine_log":3,"minecraft:sea_pickle":4,"pixelmon:white_vending_machine":1,"minecraft:stone_pickaxe":5,"minecraft:iron_ore":18,"pixelmon:cluttered_box":1,"minecraft:stick":1,"pixelmon:blue_vending_machine":2,"pixelmon:blue_cash_register":1,"minecraft:blue_carpet":1,"minecraft:stone_axe":2,"minecraft:hay_block":18,"pixelmon:lightworkplace":2,"byg:pine_planks":1,"minecraft:cod":3,"minecraft:coal":33,"minecraft:cobblestone":15},"minecraft:mined":{"byg:dacite":15,"minecraft:blue_carpet":1,"minecraft:red_bed":8,"byg:cattail":2,"minecraft:crafting_table":2,"minecraft:grass_block":6,"pixelmon:blue_folding_chair":4,"pixelmon:lightworkplace":2,"byg:winter_succulent":1,"minecraft:diorite":1,"pixelmon:berry_leaves_qualot":1,"minecraft:large_fern":1,"minecraft:hay_block":20,"byg:scoria_stone":14,"minecraft:sea_pickle":1,"minecraft:iron_ore":18,"minecraft:andesite":5,"minecraft:grass_path":1,"byg:pine_log":3,"minecraft:grass":9,"minecraft:oak_log":7,"minecraft:coal_ore":33,"minecraft:dirt":8,"minecraft:stone":28,"pixelmon:cluttered_box":1,"pixelmon:blue_cash_register":1},"minecraft:custom":{"minecraft:interact_with_furnace":12,"minecraft:interact_with_crafting_table":11,"minecraft:open_barrel":4,"minecraft:play_one_minute":79987,"minecraft:leave_game":1,"minecraft:time_since_death":79987,"minecraft:sleep_in_bed":4,"minecraft:climb_one_cm":1193,"minecraft:time_since_rest":5912,"minecraft:sprint_one_cm":69289,"minecraft:damage_taken":360,"minecraft:walk_one_cm":41146,"minecraft:drop":41,"minecraft:swim_one_cm":1145,"minecraft:fly_one_cm":121631,"minecraft:open_chest":3,"minecraft:crouch_one_cm":12677,"minecraft:sneak_time":5876,"minecraft:walk_under_water_one_cm":6199,"minecraft:jump":621,"minecraft:walk_on_water_one_cm":6079,"minecraft:fall_one_cm":23398},"minecraft:crafted":{"minecraft:oak_planks":24,"minecraft:cooked_porkchop":5,"minecraft:crafting_table":1,"minecraft:wooden_pickaxe":1,"minecraft:baked_potato":13,"minecraft:furnace":1,"minecraft:bucket":1,"byg:pine_planks":12,"minecraft:stone_axe":1,"minecraft:air":0,"minecraft:iron_chestplate":1,"minecraft:shield":1,"minecraft:iron_axe":1,"minecraft:stick":12,"minecraft:iron_pickaxe":1,"minecraft:iron_ingot":18,"minecraft:stone_pickaxe":1,"minecraft:stone_sword":1},"minecraft:dropped":{"minecraft:water_bucket":1,"pixelmon:aluminium_ingot":5,"pixelmon:cluttered_box":1,"pixelmon:blue_umbrella":2,"minecraft:stone_axe":3,"minecraft:oak_log":2,"minecraft:cobblestone":6,"byg:pine_planks":2,"byg:winter_succulent":1,"minecraft:cod":6,"minecraft:stick":1,"minecraft:dirt":8,"minecraft:red_bed":1,"minecraft:sea_pickle":4,"pixelmon:hyper_potion":1,"minecraft:wooden_pickaxe":3,"minecraft:stone_pickaxe":5,"byg:dacite_cobblestone":7,"byg:scoria_cobblestone":10}},"DataVersion":2586}