{"stats":{"minecraft:used":{"minecraft:water_bucket":24,"minecraft:stone_sword":10,"minecraft:stone_pickaxe":114,"minecraft:baked_potato":2,"minecraft:wooden_pickaxe":4,"pixelmon:lightworkplace":1,"minecraft:dirt":2,"minecraft:crafting_table":2,"minecraft:red_bed":7,"minecraft:carrot":1,"minecraft:oak_log":1,"minecraft:apple":7,"minecraft:bread":2,"minecraft:stone_axe":5,"minecraft:blue_carpet":1,"minecraft:cobblestone":1,"minecraft:furnace":1,"minecraft:bucket":25,"minecraft:andesite":4,"pixelmon:blue_umbrella":10},"minecraft:picked_up":{"minecraft:crafting_table":1,"pixelmon:blue_umbrella":14,"minecraft:andesite":4,"pixelmon:hyper_potion":1,"minecraft:wooden_pickaxe":2,"pixelmon:blue_folding_chair":4,"pixelmon:aluminium_ingot":1,"minecraft:oak_log":4,"byg:dacite_cobblestone":15,"minecraft:dirt":10,"minecraft:red_bed":8,"byg:winter_succulent":1,"byg:scoria_cobblestone":10,"byg:pine_log":3,"minecraft:sea_pickle":4,"pixelmon:white_vending_machine":1,"minecraft:stone_pickaxe":2,"minecraft:iron_ore":18,"pixelmon:cluttered_box":1,"minecraft:stick":1,"pixelmon:blue_vending_machine":2,"pixelmon:blue_cash_register":1,"minecraft:blue_carpet":1,"minecraft:stone_axe":1,"minecraft:hay_block":11,"pixelmon:lightworkplace":2,"byg:pine_planks":1,"minecraft:cod":3,"minecraft:coal":33,"minecraft:cobblestone":15},"minecraft:mined":{"byg:dacite":15,"minecraft:blue_carpet":1,"minecraft:red_bed":7,"byg:cattail":2,"minecraft:crafting_table":1,"minecraft:grass_block":3,"pixelmon:blue_folding_chair":4,"pixelmon:lightworkplace":2,"byg:winter_succulent":1,"minecraft:diorite":1,"pixelmon:berry_leaves_qualot":1,"minecraft:large_fern":1,"minecraft:hay_block":11,"byg:scoria_stone":14,"minecraft:sea_pickle":1,"minecraft:iron_ore":18,"minecraft:andesite":5,"minecraft:grass_path":1,"byg:pine_log":3,"minecraft:grass":9,"minecraft:oak_log":2,"minecraft:coal_ore":33,"minecraft:dirt":7,"minecraft:stone":24,"pixelmon:cluttered_box":1,"pixelmon:blue_cash_register":1},"minecraft:custom":{"minecraft:interact_with_furnace":12,"minecraft:interact_with_crafting_table":9,"minecraft:open_barrel":4,"minecraft:play_one_minute":58256,"minecraft:time_since_death":58256,"minecraft:sleep_in_bed":3,"minecraft:climb_one_cm":1193,"minecraft:time_since_rest":24462,"minecraft:sprint_one_cm":66932,"minecraft:damage_taken":300,"minecraft:walk_one_cm":38606,"minecraft:drop":31,"minecraft:swim_one_cm":1145,"minecraft:fly_one_cm":118248,"minecraft:open_chest":3,"minecraft:crouch_one_cm":9060,"minecraft:sneak_time":4282,"minecraft:walk_under_water_one_cm":6199,"minecraft:jump":578,"minecraft:walk_on_water_one_cm":6079,"minecraft:fall_one_cm":20985},"minecraft:crafted":{"minecraft:cooked_porkchop":5,"minecraft:crafting_table":1,"minecraft:wooden_pickaxe":1,"minecraft:baked_potato":13,"minecraft:furnace":1,"minecraft:bucket":1,"byg:pine_planks":12,"minecraft:stone_axe":1,"minecraft:air":0,"minecraft:iron_chestplate":1,"minecraft:stick":8,"minecraft:iron_ingot":18,"minecraft:stone_pickaxe":1,"minecraft:stone_sword":1},"minecraft:dropped":{"minecraft:water_bucket":1,"pixelmon:aluminium_ingot":1,"pixelmon:blue_umbrella":2,"minecraft:stone_axe":1,"minecraft:oak_log":2,"minecraft:cobblestone":6,"byg:pine_planks":2,"byg:winter_succulent":1,"minecraft:cod":6,"minecraft:stick":1,"minecraft:dirt":8,"minecraft:red_bed":1,"minecraft:sea_pickle":4,"pixelmon:hyper_potion":1,"minecraft:wooden_pickaxe":3,"minecraft:stone_pickaxe":2,"byg:dacite_cobblestone":7,"byg:scoria_cobblestone":10}},"DataVersion":2586}